{"summary": {"a": {"pre": 1.1625317460317461, "post": 0.7940411261142001}, "b": {"pre": 1.2546124708624709, "post": 1.0139054001554}, "c": {"pre": 4.230935393258427, "post": 3.8111878685762424}, "d": {"pre": 1.4131519090170592, "post": 1.1890382010295315}, "g": {"pre": 1.3026229941809204, "post": 1.3213112874779542}, "i": {"pre": 1.6807014925373134, "post": 1.429691296554471}, "ac": {"pre": 5.204919767236818, "post": 12.903569282431956}, "me_no_fbc": {"pre": 18.727262265834074, "post": 23.153315798858774}, "me_no_lft": {"pre": 19.538454058876003, "post": 23.600854136947216}, "am": {"pre": 34.63403853873945, "post": 38.49440359640359}, "li": {"pre": 34.27981183064758, "post": 42.315623386936664}, "e": {"pre": 2.258261865493861, "post": 1.671250687190764}, "f": {"pre": 1.667641788199409, "post": 1.1965408445334096}}}